{
    "Albania": {
        "Tirana": "1",
        "_area_": {
            "Europe": "1"
        }
    },
    "Argentina": {
        "Bahía Blanca": "1",
        "Buenos Aires": "1",
        "Córdoba": "1",
        "_area_": {
            "South America": "1"
        }
    },
    "Australia": {
        "New South Wales": {
            "Sydney": "1"
        },
        "Queensland": {
            "Brisbane": "1",
            "Gold Coast": "1"
        },
        "Tasmania": {
            "Hobart": "1"
        },
        "Victoria": {
            "Ballarat": "1",
            "Geelong": "1",
            "Melbourne": "1"
        },
        "Western Australia": {},
        "_area_": {
            "Oceania": "1"
        }
    },
    "Austria": {
        "Dornbirn": "1",
        "Graz": "1",
        "Linz": "1",
        "Salzburg": "1",
        "Vienna": "1",
        "_area_": {
            "Europe": "1"
        }
    },
    "Belarus": {
        "Minsk": "1",
        "_area_": {
            "Europe": "1"
        }
    },
    "Belgium": {
        "Antwerp": "1",
        "Bruges": "1",
        "Brussels": "1",
        "Ghent": "1",
        "Mons": "1",
        "_area_": {
            "Europe": "1"
        }
    },
    "Brasil": {
        "Alagoas": {
            "Maceió": "1"
        },
        "Bahia": {
            "Feira de Santana": "1"
        },
        "Ceará": {
            "Fortaleza": "1"
        },
        "Minas Gerais": {
            "Belo Horizonte": "1",
            "_": "MG"
        },
        "Pará": {
            "Belém": "1"
        },
        "Pernambuco": {
            "Recife": "1"
        },
        "Rio Grande do Norte": {
            "Natal": "1",
            "_": "RN"
        },
        "Rio Grande do Sul": {
            "Porto Alegre": "1",
            "_": "RS"
        },
        "Rio de Janeiro": {
            "Rio de Janeiro": "1",
            "_": "RJ"
        },
        "Santa Catarina": {
            "Florianópolis": "1",
            "_": "SC"
        },
        "São Paulo": {
            "São Paulo": "1",
            "_": "SP"
        },
        "_area_": {
            "South America": "1"
        }
    },
    "Bulgaria": {
        "Plovdiv": "1",
        "Sofia": "1",
        "_area_": {
            "Europe": "1"
        }
    },
    "Canada": {
        "British Columbia": {
            "Vancouver": "1",
            "Whistler": "1",
            "_": "BC"
        },
        "Manitoba": {
            "Winnipeg": "1"
        },
        "Nova Scotia": {
            "Halifax": "1"
        },
        "Ontario": {
            "Ottawa": "1",
            "Toronto": "1",
            "_": "ON"
        },
        "Prince Edward Island": {
            "Charlottetown": "1"
        },
        "Quebec": {
            "Montreal": "1",
            "Quebec": "1"
        },
        "_area_": {
            "North America": "1"
        }
    },
    "Chile": {
        "Santiago": "1",
        "_area_": {
            "South America": "1"
        }
    },
    "China": {
        "Beijing": "1",
        "Chongqing": "1",
        "Shanghai": "1",
        "Zhengzhou": "1",
        "_area_": {
            "Asia": "1"
        }
    },
    "Colombia": {
        "Medellín": "1",
        "_area_": {
            "South America": "1"
        }
    },
    "Croatia": {
        "Rovinj": "1",
        "Split": "1",
        "_area_": {
            "Europe": "1"
        }
    },
    "Czech Republic": {
        "Brno": "1",
        "Olomouc": "1",
        "Prague": "1",
        "_area_": {
            "Europe": "1"
        }
    },
    "Denmark": {
        "Aarhus": "1",
        "Copenhagen": "1",
        "_area_": {
            "Europe": "1"
        }
    },
    "Estonia": {
        "Tallinn": "1",
        "_area_": {
            "Europe": "1"
        }
    },
    "Finland": {
        "Helsinki": "1",
        "Tampere": "1",
        "_area_": {
            "Europe": "1"
        }
    },
    "France": {
        "Bordeaux": "1",
        "Châtillon": "1",
        "Lille": "1",
        "Lyon": "1",
        "Montpellier": "1",
        "Nancy": "1",
        "Nantes": "1",
        "Paris": "1",
        "Rennes": "1",
        "Saint-Martin-d’Hères": "1",
        "Saint-Étienne": "1",
        "Strasbourg": "1",
        "Toulouse": "1",
        "Valbonne": "1",
        "Villejuif": "1",
        "_area_": {
            "Europe": "1"
        }
    },
    "Germany": {
        "Berlin": "1",
        "Bochum": "1",
        "Chemnitz": "1",
        "Cologne": "1",
        "Darmstadt": "1",
        "Dresden": "1",
        "Düsseldorf": "1",
        "Erlangen": "1",
        "Essen": "1",
        "Frankfurt": "1",
        "Hamburg": "1",
        "Hannover": "1",
        "Heidelberg": "1",
        "Karlsruhe": "1",
        "Leipzig": "1",
        "Munich": "1",
        "Nuremberg": "1",
        "Potsdam": "1",
        "Sankt Augustin": "1",
        "_area_": {
            "Europe": "1"
        }
    },
    "Ghana": {
        "Accra": "1",
        "_area_": {
            "Africa": "1"
        }
    },
    "Greece": {
        "Athens": "1",
        "Piraeus": "1",
        "Thessaloniki": "1",
        "_area_": {
            "Europe": "1"
        }
    },
    "Hong Kong": {
        "Hong Kong": "1",
        "_area_": {
            "Asia": "1"
        }
    },
    "Hungary": {
        "Budapest": "1",
        "_area_": {
            "Europe": "1"
        }
    },
    "Iceland": {
        "Reykjavik": "1",
        "_area_": {
            "Europe": "1"
        }
    },
    "India": {
        "Delhi": {
            "New Delhi": "1"
        },
        "Goa": {
            "Goa": "1"
        },
        "Gujarat": {
            "Ahmedabad": "1"
        },
        "Haryana": {
            "Gurgaon": "1"
        },
        "Karnataka": {
            "Bengaluru": "1",
            "Nitte": "1"
        },
        "Kerala": {
            "Kochi": "1"
        },
        "Maharashtra": {
            "Mumbai": "1",
            "Pune": "1"
        },
        "_area_": "Asia"
    },
    "Ireland": {
        "Dublin": "1",
        "Galway": "1",
        "Kilkenny City": "1",
        "Waterford": "1",
        "_area_": {
            "Europe": "1"
        }
    },
    "Isle of Man": {
        "Laxey": "1",
        "_area_": {
            "Europe": "1"
        }
    },
    "Israel": {
        "Beersheba": "1",
        "Ramat Gan": "1",
        "Rehovot": "1",
        "Rishon LeZion": "1",
        "Tel Aviv": "1",
        "_area_": {
            "Asia": "1"
        }
    },
    "Italy": {
        "Bologna": "1",
        "Desenzano del Garda": "1",
        "Ferrara": "1",
        "Florence": "1",
        "Milan": "1",
        "Pisa": "1",
        "Rimini": "1",
        "Rome": "1",
        "Turin": "1",
        "Verona": "1",
        "_area_": {
            "Europe": "1"
        }
    },
    "Japan": {
        "Tokyo": "1",
        "Yokohama": "1",
        "_area_": {
            "Asia": "1"
        }
    },
    "Kenya": {
        "Nairobi": "1",
        "_area_": {
            "Africa": "1"
        }
    },
    "Korea": {
        "Seoul": "1",
        "_area_": {
            "Asia": "1"
        }
    },
    "Latvia": {
        "Riga": "1",
        "_area_": {
            "Europe": "1"
        }
    },
    "Lithuania": {
        "Vilnius": "1",
        "_area_": {
            "Europe": "1"
        }
    },
    "Malaysia": {
        "Kuala Lumpur": "1",
        "_area_": {
            "Asia": "1"
        }
    },
    "Mauritius": {
        "Bagatelle": "1",
        "_area_": {
            "Africa": "1"
        }
    },
    "Mexico": {
        "Puebla": "1",
        "_area_": {
            "North America": "1"
        }
    },
    "Morocco": {
        "Casablanca": "1",
        "_area_": {
            "Africa": "1"
        }
    },
    "Nepal": {
        "Biratnagar": "1",
        "Pokhara": "1",
        "_area_": {
            "Asia": "1"
        }
    },
    "New Zealand": {
        "Auckland": "1",
        "Wellington": "1",
        "_area_": {
            "Oceania": "1"
        }
    },
    "Norway": {
        "Oslo": "1",
        "_area_": {
            "Europe": "1"
        }
    },
    "Online": {
        "_area_": {
            "Online": "1"
        },
        "na": "1"
    },
    "Pakistan": {
        "Islamabad": "1",
        "_area_": {
            "Asia": "1"
        }
    },
    "Philippines": {
        "Cagayan de Oro": "1",
        "Makati": "1",
        "Manila": "1",
        "Tagbilaran": "1",
        "_area_": {
            "Asia": "1"
        }
    },
    "Poland": {
        "Gdańsk": "1",
        "Krakow": "1",
        "Ossa": "1",
        "Poznań": "1",
        "Rawa Mazowiecka": "1",
        "Warsaw": "1",
        "Wrocław": "1",
        "_area_": {
            "Europe": "1"
        }
    },
    "Portugal": {
        "Braga": "1",
        "Estoril": "1",
        "Lisbon": "1",
        "Porto": "1",
        "_area_": {
            "Europe": "1"
        }
    },
    "Romania": {
        "Bucharest": "1",
        "Cluj-Napoca": "1",
        "_area_": {
            "Europe": "1"
        }
    },
    "Russia": {
        "Gribovka": "1",
        "Moscow": "1",
        "Saint Petersburg": "1",
        "_area_": {
            "Europe": "1"
        }
    },
    "Senegal": {
        "Dakar": "1",
        "_area_": {
            "Africa": "1"
        }
    },
    "Serbia": {
        "Belgrade": "1",
        "Novi Sad": "1",
        "_area_": {
            "Europe": "1"
        }
    },
    "Singapore": {
        "Singapore": "1",
        "_area_": {
            "Asia": "1"
        }
    },
    "Slovakia": {
        "Bratislava": "1",
        "_area_": {
            "Europe": "1"
        }
    },
    "Slovenia": {
        "Ljubljana": "1",
        "_are_": {
            "Europe": "1"
        }
    },
    "South Africa": {
        "Cape Town": "1",
        "Johannesburg": "1",
        "_area_": {
            "Africa": "1"
        }
    },
    "Spain": {
        "A Coruña": "1",
        "Almería": "1",
        "Barcelona": "1",
        "Bogotá": "1",
        "Cáceres": "1",
        "Granada": "1",
        "Madrid": "1",
        "Seville": "1",
        "_area_": {
            "Europe": "1"
        }
    },
    "Sri Lanka": {
        "Colombo": "1",
        "_area_": {
            "Asia": "1"
        }
    },
    "Sweden": {
        "Gothenburg": "1",
        "Malmö": "1",
        "Marstrand": "1",
        "Stockholm": "1",
        "_area_": {
            "Europe": "1"
        }
    },
    "Switzerland": {
        "Bern": "1",
        "Geneva": "1",
        "Rapperswil": "1",
        "Villars-sur-Ollon": "1",
        "Zurich": "1",
        "_area_": {
            "Europe": "1"
        }
    },
    "Taiwan": {
        "Hsinchu": "1",
        "Taipei": "1",
        "_area_": {
            "Asia": "1"
        }
    },
    "Tanzania": {
        "Dar es Salaam": "1",
        "_area_": {
            "Africa": "1"
        }
    },
    "The Netherlands": {
        "Amsterdam": "1",
        "Eindhoven": "1",
        "Noordwijk": "1",
        "The Hague": "1",
        "Utrecht": "1",
        "Zeewolde": "1",
        "_area_": {
            "Europe": "1"
        }
    },
    "UK": {
        "England": {
            "Birmingham": "1",
            "Brighton": "1",
            "Bristol": "1",
            "Cambridge": "1",
            "Canterbury": "1",
            "Cornwall": "1",
            "Hebden Bridge": "1",
            "London": "1",
            "Manchester": "1",
            "Newcastle Upon Tyne": "1",
            "Oxford": "1",
            "Portsmouth": "1",
            "Sheffield": "1"
        },
        "Scotland": {
            "Aberdeen": "1",
            "Crieff": "1",
            "Edinburgh": "1"
        },
        "Wales": {
            "Cardiff": "1"
        },
        "_area_": {
            "Europe": "1"
        }
    },
    "USA": {
        "Alabama": {
            "Huntsville": "1",
            "_": "AL"
        },
        "Arizona": {
            "Chandler": "1",
            "Phoenix": "1",
            "Tempe": "1",
            "_": "AZ"
        },
        "Arkansas": {
            "Bentonville": "1",
            "_": "AR"
        },
        "California": {
            "Berkeley": "1",
            "Irvine": "1",
            "Long Beach": "1",
            "Los Angeles": "1",
            "Menlo Park": "1",
            "Mountain View": "1",
            "Napa": "1",
            "Napa Valley": "1",
            "Newport Beach": "1",
            "Oakland": "1",
            "Olympic Valley": "1",
            "Palm Springs": "1",
            "Pasadena": "1",
            "Petaluma": "1",
            "Riverside": "1",
            "San Diego": "1",
            "San Francisco": "1",
            "San Jose": "1",
            "Santa Clara": "1",
            "Santa Rosa": "1",
            "_": "CA"
        },
        "Colorado": {
            "Boulder": "1",
            "Denver": "1",
            "_": "CO"
        },
        "District of Columbia": {
            "Washington": "1",
            "_": "DC"
        },
        "Florida": {
            "Amelia Island": "1",
            "Atlantic Beach": "1",
            "Clearwater": "1",
            "Fort Lauderdale": "1",
            "Miami": "1",
            "Orlando": "1",
            "Port Canaveral": "1",
            "Sarasota": "1",
            "St. Augistine": "1",
            "St. Augustine": "1",
            "St. Petersburg": "1",
            "_": "FL"
        },
        "Georgia": {
            "Atlanta": "1",
            "_": "GA"
        },
        "Illinois": {
            "Champaign": "1",
            "Chicago": "1",
            "Urbana": "1",
            "_": "IL"
        },
        "Indiana": {
            "Indianapolis": "1",
            "_": "IN"
        },
        "Iowa": {
            "Des Moines": "1",
            "_": "IN"
        },
        "Kentucky": {
            "Louisville": "1",
            "_": "KY"
        },
        "Louisiana": {
            "New Orleans": "1",
            "_": "LA"
        },
        "Maine": {
            "Portland": "1",
            "_": "ME"
        },
        "Maryland": {
            "Baltimore": "1",
            "_": "MD"
        },
        "Massachusetts": {
            "Amherst": "1",
            "Boston": "1",
            "Burlington": "1",
            "Cambridge": "1",
            "Hyannis": "1",
            "_": "MA"
        },
        "Michigan": {
            "Detroit": "1",
            "Southfield": "1",
            "Ypsilanti": "1",
            "_": "MI"
        },
        "Minnesota": {
            "Minneapolis": "1",
            "_": "MN"
        },
        "Missouri": {
            "Kansas City": "1",
            "St. Charles": "1",
            "St. Louis": "1",
            "_": "MO"
        },
        "Nebraska": {
            "Omaha": "1",
            "_": "NE"
        },
        "Nevada": {
            "Henderson": "1",
            "Las Vegas": "1",
            "_": "NV"
        },
        "New Hampshire": {
            "_": "NH"
        },
        "New Jersey": {
            "_": "NJ"
        },
        "New Mexico": {
            "Santa Fe": "1",
            "_": "NM"
        },
        "New York": {
            "Buffalo": "1",
            "New York City": "1",
            "Rochester": "1",
            "_": "NY"
        },
        "North Carolina": {
            "Charlotte": "1",
            "Durham": "1",
            "Raleigh": "1",
            "_": "NC"
        },
        "Ohio": {
            "Cincinnati": "1",
            "Cleveland": "1",
            "Columbus": "1",
            "Lakewood": "1",
            "Sandusky": "1",
            "_": "OH"
        },
        "Oklahoma": {
            "Oklahoma City": "1",
            "_": "OK"
        },
        "Oregon": {
            "Hillsboro": "1",
            "Portland": "1",
            "_": "OR"
        },
        "Pennsylvania": {
            "Philadelphia": "1",
            "Pittsburgh": "1",
            "Pocono Manor": "1",
            "_": "PA"
        },
        "Rhode Island": {
            "Providence": "1",
            "_": "RI"
        },
        "South Carolina": {
            "Charleston": "1",
            "Columbia": "1",
            "North Charleston": "1",
            "_": "SC"
        },
        "Tennessee": {
            "Knoxville": "1",
            "Nashville": "1",
            "_": "TN"
        },
        "Texas": {
            "Austin": "1",
            "Dallas": "1",
            "Fort Worth": "1",
            "Grapevine": "1",
            "Houston": "1",
            "Hurst": "1",
            "Plano": "1",
            "San Antonio": "1",
            "San Marcos": "1",
            "_": "TX"
        },
        "Utah": {
            "Park City": "1",
            "Salt Lake City": "1",
            "Sandy": "1",
            "_": "UT"
        },
        "Virginia": {
            "Norfolk": "1",
            "Richmond": "1",
            "_": "VA"
        },
        "Washington": {
            "Bellevue": "1",
            "Bellingham": "1",
            "Redmond": "1",
            "Seattle": "1",
            "Semiahmoo": "1",
            "Spokane": "1",
            "_": "WA"
        },
        "West Virginia": {
            "_": "WV"
        },
        "Wisconsin": {
            "Eau Claire": "1",
            "Madison": "1",
            "Milwaukee": "1",
            "Wisconsin Dells": "1",
            "_": "WI"
        },
        "_area_": {
            "North America": "1"
        }
    },
    "Uganda": {
        "Kampala": "1",
        "_area_": {
            "Africa": "1"
        }
    },
    "Ukraine": {
        "Kiev": "1",
        "Lviv": "1",
        "_area_": {
            "Europe": "1"
        }
    },
    "United Arab Emirates": {
        "Dubai": "1",
        "_area_": {
            "Asia": "1"
        }
    },
    "Uruguay": {
        "Montevideo": "1",
        "_area_": {
            "South America": "1"
        }
    },
    "Zimbabwe": {
        "Harare": "1",
        "_area_": {
            "Africa": "1"
        }
    }
}
